municipality,urban_file,year,mean_monthly_m3,annual_m3,population,lpcd,observed,n_months_observed
Dona Remedios Trinidad,Urban_1,2000,14590.519999999999,175086.24,13636.0,35.178082191780824,True,12
Dona Remedios Trinidad,Urban_1,2001,20236.375,242836.5,14260.2,46.65470887168867,True,12
Dona Remedios Trinidad,Urban_1,2002,20351.186,244214.23200000002,14884.4,44.95176746602033,True,12
Dona Remedios Trinidad,Urban_1,2003,20465.997,245591.96399999998,15508.6,43.385908198703355,True,12
Dona Remedios Trinidad,Urban_1,2004,20580.701,246968.412,16132.8,41.941001332773595,True,12
Dona Remedios Trinidad,Urban_1,2005,20695.512,248346.14399999997,16757.0,40.60395026081923,True,12
Dona Remedios Trinidad,Urban_1,2006,20810.323,249723.876,17381.2,39.36293252132914,True,12
Dona Remedios Trinidad,Urban_1,2007,20925.134,251101.60799999998,18005.4,38.20796044291734,True,12
Dona Remedios Trinidad,Urban_1,2008,21039.838,252478.05599999998,18629.6,37.13019610565246,True,12
Dona Remedios Trinidad,Urban_1,2009,21197.55142,254370.61703999998,19253.8,36.195753571221736,True,12
Dona Remedios Trinidad,Urban_1,2010,23680.6614,284167.9368,19878.0,39.16602739726027,True,12
Dona Remedios Trinidad,Urban_1,2011,30289.1657,363469.98840000003,20435.0,48.73052054794521,True,12
Dona Remedios Trinidad,Urban_1,2012,37221.75488,446661.05856000003,20992.0,58.29501369863014,True,12
Dona Remedios Trinidad,Urban_1,2013,44478.42893999999,533741.1472799999,21549.0,67.85950684931505,True,12
Dona Remedios Trinidad,Urban_1,2014,52059.187880000005,624710.25456,22106.0,77.424,True,12
Dona Remedios Trinidad,Urban_1,2015,59964.0317,719568.3804,22663.0,86.98849315068493,True,12
Dona Remedios Trinidad,Urban_1,2016,65130.71443,781568.57316,23861.6,89.73764383286083,True,12
Dona Remedios Trinidad,Urban_1,2017,70497.85103,845974.21236,25060.2,92.48679452317177,True,12
Dona Remedios Trinidad,Urban_1,2018,76065.44149,912785.29788,26258.8,95.2359452079835,True,12
Dona Remedios Trinidad,Urban_1,2019,81833.48581,982001.82972,27457.4,97.98509588801622,True,12
Dona Remedios Trinidad,Urban_1,2020,87801.984,1053623.808,28656.0,100.73424657534247,True,12
Dona Remedios Trinidad,Urban_1,2021,91962.03184,1103544.38208,29008.0,104.22673972602739,True,12
Dona Remedios Trinidad,Urban_1,2022,96196.572,1154358.864,29360.0,107.71890410958905,True,12
Dona Remedios Trinidad,Urban_1,2023,100506.18820000002,1206074.2584000002,29712.0,111.2113973045345,True,12
Dona Remedios Trinidad,Urban_1,2024,104890.2896,1258683.4752,30064.0,114.70356164383563,True,12
Norzagaray,Urban_2,2000,,,76978.0,,False,0
Norzagaray,Urban_2,2001,,,79589.7,,False,0
Norzagaray,Urban_2,2002,,,82201.4,,False,0
Norzagaray,Urban_2,2003,,,84813.1,,False,0
Norzagaray,Urban_2,2004,,,87424.8,,False,0
Norzagaray,Urban_2,2005,,,90036.5,,False,0
Norzagaray,Urban_2,2006,,,92648.2,,False,0
Norzagaray,Urban_2,2007,,,95259.9,,False,0
Norzagaray,Urban_2,2008,,,97871.6,,False,0
Norzagaray,Urban_2,2009,,,100483.3,,False,0
Norzagaray,Urban_2,2010,197235.0,2366820.0,103095.0,62.89769975424981,True,6
Norzagaray,Urban_2,2011,196655.0,2359860.0,104745.6,61.724500723788864,True,12
Norzagaray,Urban_2,2012,205723.0,2468676.0,106396.2,63.56896101938752,True,12
Norzagaray,Urban_2,2013,215371.0,2584452.0,108046.8,65.53355037778911,True,12
Norzagaray,Urban_2,2014,242625.5,2911506.0,109697.4,72.71575048381537,True,12
Norzagaray,Urban_2,2015,274306.5,3291678.0,111348.0,80.99198809507992,True,12
Norzagaray,Urban_2,2016,290561.5,3486738.0,116291.2,82.14470956800746,True,12
Norzagaray,Urban_2,2017,309241.0,3710892.0,121234.4,83.86091239169967,True,12
Norzagaray,Urban_2,2018,343302.5,4119630.0,126177.6,89.45056439690227,True,12
Norzagaray,Urban_2,2019,390103.0,4681236.0,131120.8,97.81288788345589,True,12
Norzagaray,Urban_2,2020,371463.0,4457556.0,136064.0,89.75542532764598,True,12
Norzagaray,Urban_2,2021,411602.5,4939230.0,137222.25,98.61474350042627,True,12
Norzagaray,Urban_2,2022,424005.5,5088066.0,138380.5,100.73606360227828,True,12
Norzagaray,Urban_2,2023,463066.0,5556792.0,139538.75,109.1029385832457,True,12
Norzagaray,Urban_2,2024,485813.4166666667,5829761.0,140697.0,113.5201741700639,True,12
Angat,Urban_3,2000,,,46033.0,,False,0
Angat,Urban_3,2001,,,46962.9,,False,0
Angat,Urban_3,2002,,,47892.8,,False,0
Angat,Urban_3,2003,,,48822.7,,False,0
Angat,Urban_3,2004,,,49752.6,,False,0
Angat,Urban_3,2005,,,50682.5,,False,0
Angat,Urban_3,2006,,,51612.4,,False,0
Angat,Urban_3,2007,,,52542.3,,False,0
Angat,Urban_3,2008,,,53472.2,,False,0
Angat,Urban_3,2009,,,54402.1,,False,0
Angat,Urban_3,2010,135862.0,1630344.0,55332.0,80.72536489573771,True,6
Angat,Urban_3,2011,136772.0,1641264.0,56113.0,80.13497226364902,True,12
Angat,Urban_3,2012,137682.0,1652184.0,56894.0,79.56078860423446,True,12
Angat,Urban_3,2013,137682.0,1652184.0,57675.0,78.48342447939861,True,12
Angat,Urban_3,2014,170331.5,2043978.0,58456.0,95.79751823640683,True,12
Angat,Urban_3,2015,183270.5,2199246.0,59237.0,101.71567612892812,True,12
Angat,Urban_3,2016,207658.0,2491896.0,60513.0,112.82058943974226,True,12
Angat,Urban_3,2017,235526.5,2826318.0,61789.0,125.31902096330042,True,12
Angat,Urban_3,2018,230409.5,2764914.0,63065.0,120.1158621948001,True,12
Angat,Urban_3,2019,261662.5,3139950.0,64341.0,133.703280019366,True,12
Angat,Urban_3,2020,258602.5,3103230.0,65617.0,129.57008092415074,True,12
Angat,Urban_3,2021,284904.5,3418854.0,66178.25,141.5377905531082,True,12
Angat,Urban_3,2022,296820.0,3561840.0,66739.5,146.217243962341,True,12
Angat,Urban_3,2023,319738.0,3836856.0,67300.75,156.19341904176912,True,12
Angat,Urban_3,2024,313587.25,3763047.0,67862.0,151.92180908636908,True,12
Baliwag,Urban_3,2000,,,119675.0,,False,0
Baliwag,Urban_3,2001,,,122064.0,,False,0
Baliwag,Urban_3,2002,,,124453.0,,False,0
Baliwag,Urban_3,2003,,,126842.0,,False,0
Baliwag,Urban_3,2004,,,129231.0,,False,0
Baliwag,Urban_3,2005,,,131620.0,,False,0
Baliwag,Urban_3,2006,,,134009.0,,False,0
Baliwag,Urban_3,2007,,,136398.0,,False,0
Baliwag,Urban_3,2008,,,138787.0,,False,0
Baliwag,Urban_3,2009,,,141176.0,,False,0
Baliwag,Urban_3,2010,540352.0,6484224.0,143565.0,123.74184000469455,True,6
Baliwag,Urban_3,2011,532968.5,6395622.0,144842.8,120.97427041450817,True,12
Baliwag,Urban_3,2012,522567.0,6270804.0,146120.6,117.57606341273475,True,12
Baliwag,Urban_3,2013,519549.0,6234588.0,147398.4,115.88363926405327,True,12
Baliwag,Urban_3,2014,599742.5,7196910.0,148676.2,132.62083402612936,True,12
Baliwag,Urban_3,2015,607580.0,7290960.0,149954.0,133.20906995953644,True,12
Baliwag,Urban_3,2016,629784.5,7557414.0,153657.2,134.74958437103132,True,12
Baliwag,Urban_3,2017,682679.5,8192154.0,157360.4,142.62964210974664,True,12
Baliwag,Urban_3,2018,677238.5,8126862.0,161063.6,138.23964783145138,True,12
Baliwag,Urban_3,2019,727748.5,8732982.0,164766.8,145.21115954301342,True,12
Baliwag,Urban_3,2020,771333.0,9255996.0,168470.0,150.52468184653014,True,12
Baliwag,Urban_3,2021,778010.0,9336120.0,169901.0,150.54891353731944,True,12
Baliwag,Urban_3,2022,734748.5,8816982.0,171332.0,140.99009565342814,True,12
Baliwag,Urban_3,2023,805379.0,9664548.0,172763.0,153.26322012601156,True,12
Baliwag,Urban_3,2024,829130.0,9949560.0,174194.0,156.48683934665192,True,12
Bulacan,Urban_3,2000,,,62903.0,,False,0
Bulacan,Urban_3,2001,,,63787.8,,False,0
Bulacan,Urban_3,2002,,,64672.6,,False,0
Bulacan,Urban_3,2003,,,65557.4,,False,0
Bulacan,Urban_3,2004,,,66442.2,,False,0
Bulacan,Urban_3,2005,,,67327.0,,False,0
Bulacan,Urban_3,2006,220435.5,2645226.0,68211.8,106.2454666281779,True,12
Bulacan,Urban_3,2007,224580.5,2694966.0,69096.6,106.85718969024067,True,12
Bulacan,Urban_3,2008,180205.0,2162460.0,69981.4,84.65889429484807,True,12
Bulacan,Urban_3,2009,209292.0,2511504.0,70866.2,97.09611742568853,True,12
Bulacan,Urban_3,2010,217198.5,2606382.0,71751.0,99.52157604409312,True,12
Bulacan,Urban_3,2011,225876.0,2710512.0,72713.8,102.12724783978561,True,12
Bulacan,Urban_3,2012,215969.5,2591634.0,73676.6,96.3720791036458,True,12
Bulacan,Urban_3,2013,221716.5,2660598.0,74639.4,97.66034546152699,True,12
Bulacan,Urban_3,2014,227591.5,2731098.0,75602.2,98.97146212640112,True,12
Bulacan,Urban_3,2015,233457.5,2801490.0,76565.0,100.2457398092229,True,12
Bulacan,Urban_3,2016,250916.5,3010998.0,77498.4,106.44490194689305,True,12
Bulacan,Urban_3,2017,287727.0,3452724.0,78431.8,120.60819474013319,True,12
Bulacan,Urban_3,2018,273123.5,3277482.0,79365.2,113.14030254728807,True,12
Bulacan,Urban_3,2019,275622.0,3307464.0,80298.6,112.84810949978518,True,12
Bulacan,Urban_3,2020,312512.0,3750144.0,81232.0,126.48176978638556,True,12
Bulacan,Urban_3,2021,351922.0,4223064.0,81699.25,141.61743658802723,True,12
Bulacan,Urban_3,2022,351922.0,4223064.0,82166.5,140.81211145861616,True,12
Bulacan,Urban_3,2023,332730.0,3992760.0,82633.75,132.38015330480204,True,12
Bulacan,Urban_3,2024,307609.0,3691308.0,83101.0,121.69736348226527,True,12
Bustos,Urban_3,2000,,,47091.0,,False,0
Bustos,Urban_3,2001,,,48623.4,,False,0
Bustos,Urban_3,2002,,,50155.8,,False,0
Bustos,Urban_3,2003,,,51688.2,,False,0
Bustos,Urban_3,2004,,,53220.6,,False,0
Bustos,Urban_3,2005,,,54753.0,,False,0
Bustos,Urban_3,2006,,,56285.4,,False,0
Bustos,Urban_3,2007,,,57817.8,,False,0
Bustos,Urban_3,2008,,,59350.2,,False,0
Bustos,Urban_3,2009,,,60882.6,,False,0
Bustos,Urban_3,2010,208514.0,2502168.0,62415.0,109.83345020460703,True,6
Bustos,Urban_3,2011,208514.0,2502168.0,63339.8,108.22981434296521,True,12
Bustos,Urban_3,2012,211335.5,2536026.0,64264.6,108.11576573037355,True,12
Bustos,Urban_3,2013,214157.0,2569884.0,65189.4,108.0049529860956,True,12
Bustos,Urban_3,2014,250140.0,3001680.0,66114.2,124.38751163770881,True,12
Bustos,Urban_3,2015,265525.0,3186300.0,67039.0,130.21657603925908,True,12
Bustos,Urban_3,2016,292145.0,3505740.0,69071.0,139.0564364680933,True,12
Bustos,Urban_3,2017,326259.0,3915108.0,71103.0,150.85612826000636,True,12
Bustos,Urban_3,2018,351111.5,4213338.0,73135.0,157.83676462462458,True,12
Bustos,Urban_3,2019,372662.0,4471944.0,75167.0,162.99574773322087,True,12
Bustos,Urban_3,2020,395865.5,4750386.0,77199.0,168.58710817994483,True,12
Bustos,Urban_3,2021,389084.0,4669008.0,78040.5,163.9123626799678,True,12
Bustos,Urban_3,2022,394678.5,4736142.0,78882.0,164.49546800092943,True,12
Bustos,Urban_3,2023,396403.0,4756836.0,79723.5,163.4703368173785,True,12
Bustos,Urban_3,2024,411766.3333333333,4941196.0,80565.0,168.0323128861321,True,12
Calumpit,Urban_3,2000,,,81113.0,,False,0
Calumpit,Urban_3,2001,,,83108.5,,False,0
Calumpit,Urban_3,2002,,,85104.0,,False,0
Calumpit,Urban_3,2003,,,87099.5,,False,0
Calumpit,Urban_3,2004,,,89095.0,,False,0
Calumpit,Urban_3,2005,,,91090.5,,False,0
Calumpit,Urban_3,2006,,,93086.0,,False,0
Calumpit,Urban_3,2007,,,95081.5,,False,0
Calumpit,Urban_3,2008,,,97077.0,,False,0
Calumpit,Urban_3,2009,,,99072.5,,False,0
Calumpit,Urban_3,2010,427631.0,5131572.0,101068.0,139.1053683644973,True,6
Calumpit,Urban_3,2011,440310.5,5283726.0,102605.8,141.08326862453796,True,12
Calumpit,Urban_3,2012,469797.5,5637570.0,104143.6,148.30865516723037,True,12
Calumpit,Urban_3,2013,486605.0,5839260.0,105681.4,151.37926449441176,True,12
Calumpit,Urban_3,2014,489921.0,5879052.0,107219.2,150.22488305100129,True,12
Calumpit,Urban_3,2015,508880.0,6106560.0,108757.0,153.83194985024426,True,12
Calumpit,Urban_3,2016,541934.5,6503214.0,110699.8,160.94902301119106,True,12
Calumpit,Urban_3,2017,588285.0,7059420.0,112642.6,171.70126321949925,True,12
Calumpit,Urban_3,2018,606422.5,7277070.0,114585.4,173.99405231549378,True,12
Calumpit,Urban_3,2019,592440.0,7109280.0,116528.2,167.1482049156753,True,12
Calumpit,Urban_3,2020,707199.0,8486388.0,118471.0,196.25375055660695,True,12
Calumpit,Urban_3,2021,710793.5,8529522.0,119400.0,195.71652784470297,True,12
Calumpit,Urban_3,2022,674679.0,8096148.0,120329.0,184.33816783369159,True,12
Calumpit,Urban_3,2023,642356.5,7708278.0,121258.0,174.16228094652476,True,12
Calumpit,Urban_3,2024,640309.5,7683714.0,122187.0,172.28732379775846,True,12
City of Malolos,Urban_3,2000,,,175291.0,,False,0
City of Malolos,Urban_3,2001,,,181256.4,,False,0
City of Malolos,Urban_3,2002,,,187221.8,,False,0
City of Malolos,Urban_3,2003,,,193187.2,,False,0
City of Malolos,Urban_3,2004,,,199152.6,,False,0
City of Malolos,Urban_3,2005,729126.5,8749518.0,205118.0,116.86581475921578,True,12
City of Malolos,Urban_3,2006,751945.5,9023346.0,211083.4,117.11719581175478,True,12
City of Malolos,Urban_3,2007,732879.5,8794554.0,217048.8,111.01037413314741,True,12
City of Malolos,Urban_3,2008,794308.5,9531702.0,223014.2,117.09681291502747,True,12
City of Malolos,Urban_3,2009,788703.0,9464436.0,228979.6,113.24136143060612,True,12
City of Malolos,Urban_3,2010,788703.0,9464436.0,234945.0,110.36609267630985,True,12
City of Malolos,Urban_3,2011,922126.5,11065518.0,238370.8,127.18205279855115,True,12
City of Malolos,Urban_3,2012,1055550.0,12666600.0,241796.6,143.52151229020646,True,12
City of Malolos,Urban_3,2013,1055550.0,12666600.0,245222.4,141.51649155472802,True,12
City of Malolos,Urban_3,2014,1198371.0,14380452.0,248648.2,158.4507695215046,True,12
City of Malolos,Urban_3,2015,1224097.5,14689170.0,252074.0,159.65272646073382,True,12
City of Malolos,Urban_3,2016,965418.0,11585016.0,253897.0,125.01041707075585,True,12
City of Malolos,Urban_3,2017,1023327.5,12279930.0,255720.0,131.56438227599108,True,12
City of Malolos,Urban_3,2018,975523.0,11706276.0,257543.0,124.53061834759978,True,12
City of Malolos,Urban_3,2019,975523.0,11706276.0,259366.0,123.65533277721786,True,12
City of Malolos,Urban_3,2020,1759501.0,21114012.0,261189.0,221.4741364267947,True,12
City of Malolos,Urban_3,2021,1465014.5,17580174.0,263344.0,182.89712419486528,True,12
City of Malolos,Urban_3,2022,1449780.0,17397360.0,265499.0,179.52609990998081,True,12
City of Malolos,Urban_3,2023,1496887.0,17962644.0,267654.0,183.8669449650341,True,12
City of Malolos,Urban_3,2024,1587838.3333333333,19054060.0,269809.0,193.48095915847523,True,12
Guiguinto,Urban_3,2000,,,67571.0,,False,0
Guiguinto,Urban_3,2001,,,69864.6,,False,0
Guiguinto,Urban_3,2002,,,72158.2,,False,0
Guiguinto,Urban_3,2003,,,74451.8,,False,0
Guiguinto,Urban_3,2004,,,76745.4,,False,0
Guiguinto,Urban_3,2005,,,79039.0,,False,0
Guiguinto,Urban_3,2006,,,81332.6,,False,0
Guiguinto,Urban_3,2007,,,83626.2,,False,0
Guiguinto,Urban_3,2008,,,85919.8,,False,0
Guiguinto,Urban_3,2009,,,88213.4,,False,0
Guiguinto,Urban_3,2010,,,90507.0,,False,0
Guiguinto,Urban_3,2011,,,92351.6,,False,0
Guiguinto,Urban_3,2012,,,94196.2,,False,0
Guiguinto,Urban_3,2013,,,96040.8,,False,0
Guiguinto,Urban_3,2014,,,97885.4,,False,0
Guiguinto,Urban_3,2015,,,99730.0,,False,0
Guiguinto,Urban_3,2016,,,102467.0,,False,0
Guiguinto,Urban_3,2017,,,105204.0,,False,0
Guiguinto,Urban_3,2018,,,107941.0,,False,0
Guiguinto,Urban_3,2019,,,110678.0,,False,0
Guiguinto,Urban_3,2020,,,113415.0,,False,0
Guiguinto,Urban_3,2021,,,114604.5,,False,0
Guiguinto,Urban_3,2022,,,115794.0,,False,0
Guiguinto,Urban_3,2023,582553.5,6990642.0,116983.5,163.71918976279935,True,12
Guiguinto,Urban_3,2024,619136.0833333334,7429633.0,118173.0,172.24881236923486,True,12
Hagonoy,Urban_3,2000,,,111425.0,,False,0
Hagonoy,Urban_3,2001,,,112851.4,,False,0
Hagonoy,Urban_3,2002,,,114277.8,,False,0
Hagonoy,Urban_3,2003,,,115704.2,,False,0
Hagonoy,Urban_3,2004,,,117130.6,,False,0
Hagonoy,Urban_3,2005,,,118557.0,,False,0
Hagonoy,Urban_3,2006,,,119983.4,,False,0
Hagonoy,Urban_3,2007,,,121409.8,,False,0
Hagonoy,Urban_3,2008,,,122836.2,,False,0
Hagonoy,Urban_3,2009,,,124262.6,,False,0
Hagonoy,Urban_3,2010,611955.0,7343460.0,125689.0,160.07024077803695,True,6
Hagonoy,Urban_3,2011,611955.0,7343460.0,126512.6,159.02817974771435,True,12
Hagonoy,Urban_3,2012,611955.0,7343460.0,127336.2,157.99959864634477,True,12
Hagonoy,Urban_3,2013,611955.0,7343460.0,128159.8,156.98423759361893,True,12
Hagonoy,Urban_3,2014,573837.0,6886044.0,128983.4,146.2659068733088,True,12
Hagonoy,Urban_3,2015,595519.0,7146228.0,129807.0,150.82936089205566,True,12
Hagonoy,Urban_3,2016,653869.5,7846434.0,130535.2,164.68415762227195,True,12
Hagonoy,Urban_3,2017,667772.0,8013264.0,131263.4,167.2526229337765,True,12
Hagonoy,Urban_3,2018,703406.5,8440878.0,131991.6,175.20579454059904,True,12
Hagonoy,Urban_3,2019,716783.0,8601396.0,132719.8,177.55804705214058,True,12
Hagonoy,Urban_3,2020,690222.0,8282664.0,133448.0,170.04548690865582,True,12
Hagonoy,Urban_3,2021,772778.0,9273336.0,134254.25,189.24093650666552,True,12
Hagonoy,Urban_3,2022,762021.0,9144252.0,135060.5,185.49276217309614,True,12
Hagonoy,Urban_3,2023,771598.5,9259182.0,135866.75,186.7095659372747,True,12
Hagonoy,Urban_3,2024,721855.25,8662263.0,136673.0,173.64239752738487,True,12
Pandi,Urban_3,2000,,,48088.0,,False,0
Pandi,Urban_3,2001,,,49944.2,,False,0
Pandi,Urban_3,2002,,,51800.4,,False,0
Pandi,Urban_3,2003,,,53656.6,,False,0
Pandi,Urban_3,2004,,,55512.8,,False,0
Pandi,Urban_3,2005,,,57369.0,,False,0
Pandi,Urban_3,2006,,,59225.2,,False,0
Pandi,Urban_3,2007,,,61081.4,,False,0
Pandi,Urban_3,2008,,,62937.6,,False,0
Pandi,Urban_3,2009,,,64793.8,,False,0
Pandi,Urban_3,2010,,,66650.0,,False,0
Pandi,Urban_3,2011,45587.5,547050.0,71135.0,21.069334691609914,True,12
Pandi,Urban_3,2012,53591.5,643098.0,75620.0,23.299554731117738,True,12
Pandi,Urban_3,2013,61172.0,734064.0,80105.0,25.106226160356314,True,12
Pandi,Urban_3,2014,71631.0,859572.0,84590.0,27.84007306799761,True,12
Pandi,Urban_3,2015,84699.0,1016388.0,89075.0,31.26157347779115,True,12
Pandi,Urban_3,2016,91963.0,1103556.0,102283.0,29.55956606562587,True,12
Pandi,Urban_3,2017,100062.5,1200750.0,115491.0,28.484696014384326,True,12
Pandi,Urban_3,2018,93968.0,1127616.0,128699.0,24.00452920465263,True,12
Pandi,Urban_3,2019,129632.5,1555590.0,141907.0,30.032982241601218,True,12
Pandi,Urban_3,2020,155815.5,1869786.0,155115.0,33.02518370153121,True,12
Pandi,Urban_3,2021,170440.0,2045280.0,157017.5,35.687148561880484,True,12
Pandi,Urban_3,2022,179202.0,2150424.0,158920.0,37.072568605208446,True,12
Pandi,Urban_3,2023,205434.5,2465214.0,160822.5,41.996679313554445,True,12
Pandi,Urban_3,2024,213429.16666666666,2561150.0,162725.0,43.12090530077427,True,12
Plaridel,Urban_3,2000,,,80481.0,,False,0
Plaridel,Urban_3,2001,,,82577.0,,False,0
Plaridel,Urban_3,2002,,,84673.0,,False,0
Plaridel,Urban_3,2003,,,86769.0,,False,0
Plaridel,Urban_3,2004,,,88865.0,,False,0
Plaridel,Urban_3,2005,,,90961.0,,False,0
Plaridel,Urban_3,2006,,,93057.0,,False,0
Plaridel,Urban_3,2007,,,95153.0,,False,0
Plaridel,Urban_3,2008,,,97249.0,,False,0
Plaridel,Urban_3,2009,,,99345.0,,False,0
Plaridel,Urban_3,2010,330606.0,3967272.0,101441.0,107.14837547110521,True,6
Plaridel,Urban_3,2011,341668.0,4100016.0,102713.8,109.3613569738945,True,12
Plaridel,Urban_3,2012,367543.5,4410522.0,103986.6,116.20364467929733,True,12
Plaridel,Urban_3,2013,382357.0,4588284.0,105259.4,119.425353896093,True,12
Plaridel,Urban_3,2014,409071.5,4908858.0,106532.2,126.2428263698418,True,12
Plaridel,Urban_3,2015,424627.5,5095530.0,107805.0,129.49636996784528,True,12
Plaridel,Urban_3,2016,455394.0,5464728.0,109130.4,137.19236376157858,True,12
Plaridel,Urban_3,2017,499934.0,5999208.0,110455.8,148.8032887487109,True,12
Plaridel,Urban_3,2018,520334.5,6244014.0,111781.2,153.03904119147833,True,12
Plaridel,Urban_3,2019,332272.5,3987270.0,113106.6,96.58169724189635,True,12
Plaridel,Urban_3,2020,565895.5,6790746.0,114432.0,162.58374896570746,True,12
Plaridel,Urban_3,2021,597707.5,7172490.0,116058.75,169.31646717069222,True,12
Plaridel,Urban_3,2022,643206.5,7718478.0,117685.5,179.68666546425135,True,12
Plaridel,Urban_3,2023,693301.5,8319618.0,119312.25,191.04051740372628,True,12
Plaridel,Urban_3,2024,700631.5,8407578.0,120939.0,190.46345904937698,True,12
San Rafael,Urban_3,2000,,,69770.0,,False,0
San Rafael,Urban_3,2001,,,71385.1,,False,0
San Rafael,Urban_3,2002,,,73000.2,,False,0
San Rafael,Urban_3,2003,,,74615.3,,False,0
San Rafael,Urban_3,2004,,,76230.4,,False,0
San Rafael,Urban_3,2005,,,77845.5,,False,0
San Rafael,Urban_3,2006,94945.0,1139340.0,79460.6,39.28336121366809,True,12
San Rafael,Urban_3,2007,98890.0,1186680.0,81075.7,40.100524351831446,True,12
San Rafael,Urban_3,2008,101746.0,1220952.0,82690.8,40.45279490103784,True,12
San Rafael,Urban_3,2009,107348.0,1288176.0,84305.9,41.862423805077626,True,12
San Rafael,Urban_3,2010,123672.5,1484070.0,85921.0,47.3219027418146,True,12
San Rafael,Urban_3,2011,140683.5,1688202.0,87667.8,52.758378320251104,True,12
San Rafael,Urban_3,2012,155433.0,1865196.0,89414.6,57.1509130208854,True,12
San Rafael,Urban_3,2013,171367.5,2056410.0,91161.4,61.80247341528323,True,12
San Rafael,Urban_3,2014,196411.0,2356932.0,92908.2,69.50245452183424,True,12
San Rafael,Urban_3,2015,218219.5,2618634.0,94655.0,75.7946196822925,True,12
San Rafael,Urban_3,2016,224819.5,2697834.0,96343.4,76.71855080262125,True,12
San Rafael,Urban_3,2017,266231.0,3194772.0,98031.8,89.28531354111625,True,12
San Rafael,Urban_3,2018,282757.0,3393084.0,99720.2,93.22204074946907,True,12
San Rafael,Urban_3,2019,338652.5,4063830.0,101408.6,109.7912881345153,True,12
San Rafael,Urban_3,2020,337971.0,4055652.0,103097.0,107.77593278626685,True,12
San Rafael,Urban_3,2021,337971.0,4055652.0,104386.75,106.44430775424806,True,12
San Rafael,Urban_3,2022,364862.0,4378344.0,105676.5,113.51116864864592,True,12
San Rafael,Urban_3,2023,375255.5,4503066.0,106966.25,115.33700698386333,True,12
San Rafael,Urban_3,2024,398802.0,4785624.0,108256.0,121.11382861122696,True,12
Balagtas,Urban_4,2000,,,56945.0,,False,0
Balagtas,Urban_4,2001,,,57794.5,,False,0
Balagtas,Urban_4,2002,,,58644.0,,False,0
Balagtas,Urban_4,2003,,,59493.5,,False,0
Balagtas,Urban_4,2004,,,60343.0,,False,0
Balagtas,Urban_4,2005,51073.0,612876.0,61192.5,27.439838685576227,True,12
Balagtas,Urban_4,2006,51073.0,612876.0,62042.0,27.064123154751996,True,12
Balagtas,Urban_4,2007,51073.0,612876.0,62891.5,26.698557496118287,True,12
Balagtas,Urban_4,2008,60698.0,728376.0,63741.0,31.307175678629246,True,12
Balagtas,Urban_4,2009,64422.0,773064.0,64590.5,32.790945443119895,True,12
Balagtas,Urban_4,2010,81596.5,979158.0,65440.0,40.99365307967981,True,12
Balagtas,Urban_4,2011,95220.0,1142640.0,67137.8,46.628286121159846,True,12
Balagtas,Urban_4,2012,98940.0,1187280.0,68835.6,47.254936657895314,True,12
Balagtas,Urban_4,2013,98940.0,1187280.0,70533.4,46.1174694231133,True,12
Balagtas,Urban_4,2014,98940.0,1187280.0,72231.2,45.03347470079715,True,12
Balagtas,Urban_4,2015,98940.0,1187280.0,73929.0,43.99926845768533,True,12
Balagtas,Urban_4,2016,98940.0,1187280.0,74546.8,43.63462841876807,True,12
Balagtas,Urban_4,2017,98940.0,1187280.0,75164.6,43.275982547744796,True,12
Balagtas,Urban_4,2018,98940.0,1187280.0,75782.4,42.92318424605475,True,12
Balagtas,Urban_4,2019,98940.0,1187280.0,76400.2,42.5760916569357,True,12
Balagtas,Urban_4,2020,98940.0,1187280.0,77018.0,42.2345674752424,True,12
Balagtas,Urban_4,2021,98940.0,1187280.0,77818.75,41.79997645565136,True,12
Balagtas,Urban_4,2022,98940.0,1187280.0,78619.5,41.37423817002422,True,12
Balagtas,Urban_4,2023,98940.0,1187280.0,79420.25,40.957084846852275,True,12
Balagtas,Urban_4,2024,98940.0,1187280.0,80221.0,40.54825940599368,True,12
Bocaue,Urban_4,2000,,,86994.0,,False,0
Bocaue,Urban_4,2001,,,88935.3,,False,0
Bocaue,Urban_4,2002,,,90876.6,,False,0
Bocaue,Urban_4,2003,,,92817.9,,False,0
Bocaue,Urban_4,2004,,,94759.2,,False,0
Bocaue,Urban_4,2005,,,96700.5,,False,0
Bocaue,Urban_4,2006,,,98641.8,,False,0
Bocaue,Urban_4,2007,,,100583.1,,False,0
Bocaue,Urban_4,2008,,,102524.4,,False,0
Bocaue,Urban_4,2009,,,104465.7,,False,0
Bocaue,Urban_4,2010,179034.0,2148408.0,106407.0,55.3163731245923,True,6
Bocaue,Urban_4,2011,198095.5,2377146.0,109060.6,59.71660496204209,True,12
Bocaue,Urban_4,2012,217157.0,2605884.0,111714.2,63.907795241590435,True,12
Bocaue,Urban_4,2013,217157.0,2605884.0,114367.8,62.42498517220828,True,12
Bocaue,Urban_4,2014,220248.5,2642982.0,117021.4,61.87796911797727,True,12
Bocaue,Urban_4,2015,218752.0,2625024.0,119675.0,60.094811575871866,True,12
Bocaue,Urban_4,2016,207218.5,2486622.0,124022.4,54.93090775294326,True,12
Bocaue,Urban_4,2017,229493.0,2753916.0,128369.8,58.775314306525004,True,12
Bocaue,Urban_4,2018,236167.5,2834010.0,132717.2,58.50342652575633,True,12
Bocaue,Urban_4,2019,376174.0,4514088.0,137064.6,90.23018623015457,True,12
Bocaue,Urban_4,2020,417317.0,5007804.0,141412.0,97.02154667852876,True,12
Bocaue,Urban_4,2021,476216.0,5714592.0,142997.75,109.48715233880368,True,12
Bocaue,Urban_4,2022,489782.5,5877390.0,144583.5,111.37120318822261,True,12
Bocaue,Urban_4,2023,548780.5,6585366.0,146169.25,123.43292881462405,True,12
Bocaue,Urban_4,2024,585303.5833333334,7023643.0,147755.0,130.23489921996938,True,12
Marilao,Urban_4,2000,,,101017.0,,False,0
Marilao,Urban_4,2001,,,109477.7,,False,0
Marilao,Urban_4,2002,,,117938.4,,False,0
Marilao,Urban_4,2003,,,126399.1,,False,0
Marilao,Urban_4,2004,,,134859.8,,False,0
Marilao,Urban_4,2005,,,143320.5,,False,0
Marilao,Urban_4,2006,,,151781.2,,False,0
Marilao,Urban_4,2007,,,160241.90000000002,,False,0
Marilao,Urban_4,2008,,,168702.6,,False,0
Marilao,Urban_4,2009,,,177163.3,,False,0
Marilao,Urban_4,2010,475046.0,5700552.0,185624.0,84.13756133329476,True,6
Marilao,Urban_4,2011,507981.5,6095778.0,192892.2,86.58080339088681,True,12
Marilao,Urban_4,2012,540917.0,6491004.0,200160.4,88.84660803405532,True,12
Marilao,Urban_4,2013,540917.0,6491004.0,207428.6,85.73346492595392,True,12
Marilao,Urban_4,2014,413391.0,4960692.0,214696.8,63.30293225749694,True,12
Marilao,Urban_4,2015,468667.0,5624004.0,221965.0,69.41738624101232,True,12
Marilao,Urban_4,2016,496381.5,5956578.0,228462.6,71.43134929227767,True,12
Marilao,Urban_4,2017,476987.0,5723844.0,234960.2,66.74221584575449,True,12
Marilao,Urban_4,2018,461916.0,5542992.0,241457.8,62.894134925667316,True,12
Marilao,Urban_4,2019,461916.0,5542992.0,247955.4,61.24601219434945,True,12
Marilao,Urban_4,2020,461916.0,5542992.0,254453.0,59.68206093877767,True,12
Marilao,Urban_4,2021,852063.0,10224756.0,256716.5,109.12048947763896,True,12
Marilao,Urban_4,2022,852063.0,10224756.0,258980.0,108.16677016366631,True,12
Marilao,Urban_4,2023,1338866.0,16066392.0,261243.5,168.49227762132693,True,12
Marilao,Urban_4,2024,1421199.4166666667,17054393.0,263507.0,177.31735545378925,True,12
Meycauayan City,Urban_4,2000,,,163037.0,,False,0
Meycauayan City,Urban_4,2001,,,166648.7,,False,0
Meycauayan City,Urban_4,2002,,,170260.4,,False,0
Meycauayan City,Urban_4,2003,,,173872.1,,False,0
Meycauayan City,Urban_4,2004,,,177483.8,,False,0
Meycauayan City,Urban_4,2005,308000.0,3696000.0,181095.5,55.91540042276188,True,12
Meycauayan City,Urban_4,2006,301497.0,3617964.0,184707.2,53.664557402127805,True,12
Meycauayan City,Urban_4,2007,303742.5,3644910.0,188318.9,53.0273636608994,True,12
Meycauayan City,Urban_4,2008,309123.5,3709482.0,191930.6,52.95124583345044,True,12
Meycauayan City,Urban_4,2009,685821.5,8229858.0,195542.3,115.30781914902076,True,12
Meycauayan City,Urban_4,2010,1035636.5,12427638.0,199154.0,170.96479753191616,True,12
Meycauayan City,Urban_4,2011,484441.0,5813292.0,201139.8,79.18287378858025,True,12
Meycauayan City,Urban_4,2012,473657.0,5683884.0,203125.6,76.66333013419701,True,12
Meycauayan City,Urban_4,2013,462873.0,5554476.0,205111.4,74.19257274707024,True,12
Meycauayan City,Urban_4,2014,486258.0,5835096.0,207097.2,77.19353223298839,True,12
Meycauayan City,Urban_4,2015,518876.5,6226518.0,209083.0,81.58938519467166,True,12
Meycauayan City,Urban_4,2016,528110.0,6337320.0,212401.0,81.74406216517438,True,12
Meycauayan City,Urban_4,2017,528110.0,6337320.0,215719.0,80.48674686951638,True,12
Meycauayan City,Urban_4,2018,528110.0,6337320.0,219037.0,79.26752351404194,True,12
Meycauayan City,Urban_4,2019,528110.0,6337320.0,222355.0,78.08468686535137,True,12
Meycauayan City,Urban_4,2020,528110.0,6337320.0,225673.0,76.93663197611237,True,12
Meycauayan City,Urban_4,2021,624827.5,7497930.0,226260.5,90.79036761875246,True,12
Meycauayan City,Urban_4,2022,690570.0,8286840.0,226848.0,100.08318888805152,True,12
Meycauayan City,Urban_4,2023,746597.0,8959164.0,227435.5,107.92358622343718,True,12
Meycauayan City,Urban_4,2024,1110869.5833333333,13330435.0,228023.0,160.1669117853348,True,12
Obando,Urban_4,2000,,,52906.0,,False,0
Obando,Urban_4,2001,,,53416.3,,False,0
Obando,Urban_4,2002,,,53926.6,,False,0
Obando,Urban_4,2003,,,54436.9,,False,0
Obando,Urban_4,2004,,,54947.2,,False,0
Obando,Urban_4,2005,,,55457.5,,False,0
Obando,Urban_4,2006,132863.0,1594356.0,55967.8,78.04663806933605,True,12
Obando,Urban_4,2007,138123.0,1657476.0,56478.1,80.40338001785297,True,12
Obando,Urban_4,2008,137799.5,1653594.0,56988.4,79.49678391651538,True,12
Obando,Urban_4,2009,150016.5,1800198.0,57498.7,85.77670999637371,True,12
Obando,Urban_4,2010,166202.0,1994424.0,58009.0,94.1953031851222,True,12
Obando,Urban_4,2011,166367.0,1996404.0,58246.6,93.90419354949474,True,12
Obando,Urban_4,2012,172948.0,2075376.0,58484.2,97.22218383487534,True,12
Obando,Urban_4,2013,176849.0,2122188.0,58721.8,99.01286572670008,True,12
Obando,Urban_4,2014,180913.0,2170956.0,58959.4,100.88000653897846,True,12
Obando,Urban_4,2015,179481.0,2153772.0,59197.0,99.67980143384719,True,12
Obando,Urban_4,2016,177999.0,2135988.0,59353.2,98.59656965097449,True,12
Obando,Urban_4,2017,177999.0,2135988.0,59509.4,98.33777382746624,True,12
Obando,Urban_4,2018,177999.0,2135988.0,59665.6,98.080333019499,True,12
Obando,Urban_4,2019,177999.0,2135988.0,59821.8,97.82423661287723,True,12
Obando,Urban_4,2020,177999.0,2135988.0,59978.0,97.56947410397511,True,12
Obando,Urban_4,2021,177999.0,2135988.0,60251.75,97.1261733942702,True,12
Obando,Urban_4,2022,177999.0,2135988.0,60525.5,96.68688268264152,True,12
Obando,Urban_4,2023,247981.0,2975772.0,60799.25,134.0937593802555,True,12
Obando,Urban_4,2024,226370.66666666666,2716448.0,61073.0,121.85946797555766,True,12
San Jose del Monte City,Urban_4,2000,,,315807.0,,False,0
San Jose del Monte City,Urban_4,2001,,,329681.6,,False,0
San Jose del Monte City,Urban_4,2002,,,343556.2,,False,0
San Jose del Monte City,Urban_4,2003,,,357430.8,,False,0
San Jose del Monte City,Urban_4,2004,,,371305.4,,False,0
San Jose del Monte City,Urban_4,2005,1015913.5,12190962.0,385180.0,86.71243545981349,True,12
San Jose del Monte City,Urban_4,2006,1107655.5,13291866.0,399054.6,91.25586131039891,True,12
San Jose del Monte City,Urban_4,2007,1162791.0,13953492.0,412929.2,92.57941847047739,True,12
San Jose del Monte City,Urban_4,2008,1139855.0,13678260.0,426803.8,87.80307235199605,True,12
San Jose del Monte City,Urban_4,2009,1289232.0,15470784.0,440678.4,96.18286167200638,True,12
San Jose del Monte City,Urban_4,2010,1352339.0,16228068.0,454553.0,97.81138893368343,True,12
San Jose del Monte City,Urban_4,2011,1405803.0,16869636.0,478460.2,96.59775425817614,True,12
San Jose del Monte City,Urban_4,2012,1631326.5,19575918.0,502367.4,106.75981772462647,True,12
San Jose del Monte City,Urban_4,2013,1720960.0,20651520.0,526274.6,107.50947670534559,True,12
San Jose del Monte City,Urban_4,2014,1431175.0,17174100.0,550181.8,85.52141995086585,True,12
San Jose del Monte City,Urban_4,2015,1572522.0,18870264.0,574089.0,90.05459680408009,True,12
San Jose del Monte City,Urban_4,2016,1652890.5,19834686.0,589633.8,92.1616187529481,True,12
San Jose del Monte City,Urban_4,2017,1748507.0,20982084.0,605178.6,94.98875479707249,True,12
San Jose del Monte City,Urban_4,2018,1748507.0,20982084.0,620723.4,92.60994775424226,True,12
San Jose del Monte City,Urban_4,2019,1748507.0,20982084.0,636268.2,90.34737496520434,True,12
San Jose del Monte City,Urban_4,2020,3074191.5,36890298.0,651813.0,155.05875088260146,True,12
San Jose del Monte City,Urban_4,2021,2891833.0,34701996.0,660281.75,143.98998858265523,True,12
San Jose del Monte City,Urban_4,2022,2999893.0,35998716.0,668750.5,147.4789464502564,True,12
San Jose del Monte City,Urban_4,2023,3222657.5,38671890.0,677219.25,156.44916112712957,True,12
San Jose del Monte City,Urban_4,2024,3701659.5833333335,44419915.0,685688.0,177.48363287715983,True,12
Santa Maria,Urban_4,2000,,,144282.0,,False,0
Santa Maria,Urban_4,2001,,,151688.9,,False,0
Santa Maria,Urban_4,2002,,,159095.8,,False,0
Santa Maria,Urban_4,2003,,,166502.7,,False,0
Santa Maria,Urban_4,2004,,,173909.6,,False,0
Santa Maria,Urban_4,2005,167393.5,2008722.0,181316.5,30.35216290412334,True,12
Santa Maria,Urban_4,2006,197689.0,2372268.0,188723.4,34.438571918276395,True,12
Santa Maria,Urban_4,2007,231822.0,2781864.0,196130.3,38.859601017688,True,12
Santa Maria,Urban_4,2008,257027.5,3084330.0,203537.2,41.51682924832508,True,12
Santa Maria,Urban_4,2009,295196.0,3542352.0,210944.09999999998,46.0078000408769,True,12
Santa Maria,Urban_4,2010,348408.5,4180902.0,218351.0,52.459233195164025,True,12
Santa Maria,Urban_4,2011,400170.5,4802046.0,225971.6,58.220990650855704,True,12
Santa Maria,Urban_4,2012,442965.5,5315586.0,233592.2,62.344758579560846,True,12
Santa Maria,Urban_4,2013,448334.5,5380014.0,241212.8,61.10689144009623,True,12
Santa Maria,Urban_4,2014,526872.5,6322470.0,248833.4,69.61218074598649,True,12
Santa Maria,Urban_4,2015,627765.5,7533186.0,256454.0,80.47784691767201,True,12
Santa Maria,Urban_4,2016,688890.0,8266680.0,263127.2,86.07410543708284,True,12
Santa Maria,Urban_4,2017,791752.5,9501030.0,269800.4,96.47954257325856,True,12
Santa Maria,Urban_4,2018,855788.0,10269456.0,276473.6,101.76557866794863,True,12
Santa Maria,Urban_4,2019,415737.0,4988844.0,283146.8,48.27201209204786,True,12
Santa Maria,Urban_4,2020,415737.0,4988844.0,289820.0,47.1605332738412,True,12
Santa Maria,Urban_4,2021,1006566.0,12078792.0,297996.25,111.05032637799236,True,12
Santa Maria,Urban_4,2022,1034697.5,12416370.0,306172.5,111.1055109612866,True,12
Santa Maria,Urban_4,2023,1160960.5,13931526.0,314348.75,121.42107892448004,True,12
Santa Maria,Urban_4,2024,1235953.75,14831445.0,322525.0,125.98743009196484,True,12
San Ildefonso,Urban_5,2000,,,79956.0,,False,0
San Ildefonso,Urban_5,2001,,,81460.4,,False,0
San Ildefonso,Urban_5,2002,,,82964.8,,False,0
San Ildefonso,Urban_5,2003,,,84469.2,,False,0
San Ildefonso,Urban_5,2004,,,85973.6,,False,0
San Ildefonso,Urban_5,2005,74992.5,899910.0,87478.0,28.184307475194547,True,12
San Ildefonso,Urban_5,2006,98591.0,1183092.0,88982.4,36.42684334436338,True,12
San Ildefonso,Urban_5,2007,103845.5,1246146.0,90486.8,37.730349953109034,True,12
San Ildefonso,Urban_5,2008,106072.0,1272864.0,91991.2,37.90904597545185,True,12
San Ildefonso,Urban_5,2009,156404.5,1876854.0,93495.6,54.99794379013191,True,12
San Ildefonso,Urban_5,2010,126112.0,1513344.0,95000.0,43.64366258111031,True,12
San Ildefonso,Urban_5,2011,146869.0,1762428.0,96894.2,49.83342514839587,True,12
San Ildefonso,Urban_5,2012,147892.5,1774710.0,98788.4,49.218523410463085,True,12
San Ildefonso,Urban_5,2013,161255.5,1935066.0,100682.6,52.656076471321825,True,12
San Ildefonso,Urban_5,2014,194492.0,2333904.0,102576.8,62.336293725740866,True,12
San Ildefonso,Urban_5,2015,229857.5,2758290.0,104471.0,72.33547016980395,True,12
San Ildefonso,Urban_5,2016,255226.5,3062718.0,106719.4,78.62683091526078,True,12
San Ildefonso,Urban_5,2017,303856.5,3646278.0,108967.8,91.67664887908197,True,12
San Ildefonso,Urban_5,2018,336812.5,4041750.0,111216.2,99.56542006679672,True,12
San Ildefonso,Urban_5,2019,328760.0,3945120.0,113464.6,95.25920811605981,True,12
San Ildefonso,Urban_5,2020,328760.0,3945120.0,115713.0,93.40824233409798,True,12
San Ildefonso,Urban_5,2021,328760.0,3945120.0,117569.75,91.93306905224753,True,12
San Ildefonso,Urban_5,2022,375567.5,4506810.0,119426.5,103.38932027258814,True,12
San Ildefonso,Urban_5,2023,379971.5,4559658.0,121283.25,103.00032113775099,True,12
San Ildefonso,Urban_5,2024,373277.0,4479324.0,123140.0,99.65990375138222,True,12
San Miguel,Urban_5,2000,,,123824.0,,False,0
San Miguel,Urban_5,2001,,,125727.0,,False,0
San Miguel,Urban_5,2002,,,127630.0,,False,0
San Miguel,Urban_5,2003,,,129533.0,,False,0
San Miguel,Urban_5,2004,,,131436.0,,False,0
San Miguel,Urban_5,2005,112222.5,1346670.0,133339.0,27.670125389533958,True,12
San Miguel,Urban_5,2006,120603.0,1447236.0,135242.0,29.31803830900387,True,12
San Miguel,Urban_5,2007,115995.0,1391940.0,137145.0,27.806586070037863,True,12
San Miguel,Urban_5,2008,123065.0,1476780.0,139048.0,29.09766845074885,True,12
San Miguel,Urban_5,2009,137804.0,1653648.0,140951.0,32.142676999478006,True,12
San Miguel,Urban_5,2010,150665.0,1807980.0,142854.0,34.67435187683718,True,12
San Miguel,Urban_5,2011,148621.0,1783452.0,145059.6,33.68387795784422,True,12
San Miguel,Urban_5,2012,152720.5,1832646.0,147265.2,34.09459903090125,True,12
San Miguel,Urban_5,2013,154954.0,1859448.0,149470.8,34.08276454124673,True,12
San Miguel,Urban_5,2014,213219.0,2558628.0,151676.4,46.216416832331184,True,12
San Miguel,Urban_5,2015,230995.0,2771940.0,153882.0,49.35181609534293,True,12
San Miguel,Urban_5,2016,248368.0,2980416.0,157520.2,51.83794388066567,True,12
San Miguel,Urban_5,2017,271746.5,3260958.0,161158.4,55.43695833943074,True,12
San Miguel,Urban_5,2018,306118.5,3673422.0,164796.6,61.07025183173499,True,12
San Miguel,Urban_5,2019,314268.0,3771216.0,168434.8,61.34182858967973,True,12
San Miguel,Urban_5,2020,391445.0,4697340.0,172073.0,74.79049390394917,True,12
San Miguel,Urban_5,2021,403711.5,4844538.0,174002.75,76.27871886688612,True,12
San Miguel,Urban_5,2022,424347.5,5092170.0,175932.5,79.29831432470696,True,12
San Miguel,Urban_5,2023,432257.5,5187090.0,177862.25,79.90006580627454,True,12
San Miguel,Urban_5,2024,430175.8333333333,5162110.0,179792.0,78.66182657341635,True,12
